datetime_ist,open,high,low,close,volume
2026-09-08 09:15:00,276.65,277.95,276.55,277.5,625052
2026-09-08 09:20:00,277.25,277.25,276.05,276.1,0
2026-09-08 09:25:00,276.4,276.7,276.1,276.25,186643
2026-09-08 09:30:00,276.3,276.6,275.8,276.6,270383
2026-09-08 09:35:00,276.55,277.8,276.55,277.35,330352
2026-09-08 09:40:00,277.3,279.4,276.9,279.2,745611
2026-09-08 09:45:00,279.15,280.0,278.05,278.05,874666
2026-09-08 09:50:00,278.1,278.15,276.85,276.95,392641
2026-09-08 09:55:00,277.0,277.15,276.05,276.15,343253
2026-09-08 10:00:00,276.15,276.2,275.4,276.0,367974
2026-09-08 10:05:00,276.0,276.5,276.0,276.3,202946
2026-09-08 10:10:00,276.3,277.75,276.2,277.5,901779
2026-09-08 10:15:00,277.55,277.8,276.85,277.05,435302
2026-09-08 10:20:00,276.95,277.8,276.95,277.65,990106
2026-09-08 10:25:00,277.65,278.0,277.2,278.0,617265
2026-09-08 10:30:00,278.0,278.05,277.5,277.75,116223
2026-09-08 10:35:00,277.8,278.25,277.65,278.25,145081
2026-09-08 10:40:00,278.3,278.6,278.1,278.55,195314
2026-09-08 10:45:00,278.6,278.8,278.15,278.55,253164
2026-09-08 10:50:00,278.45,278.75,278.45,278.6,157275
2026-09-08 10:55:00,278.6,278.9,278.4,278.9,257394
2026-09-08 11:00:00,278.7,278.75,278.35,278.5,267996
2026-09-08 11:05:00,278.5,278.55,275.1,276.4,736514
2026-09-08 11:10:00,276.4,277.1,276.3,276.8,172787
2026-09-08 11:15:00,276.45,277.05,276.1,277.0,135667
2026-09-08 11:20:00,277.0,277.0,276.55,276.7,70029
2026-09-08 11:25:00,276.65,276.95,276.55,276.9,50295
2026-09-08 11:30:00,276.8,276.8,275.7,275.85,232224
2026-09-08 11:35:00,275.7,276.1,275.55,276.0,235306
2026-09-08 11:40:00,276.0,276.35,275.65,275.7,162217
2026-09-08 11:45:00,275.7,275.9,275.6,275.65,171473
2026-09-08 11:50:00,275.7,277.35,275.6,276.9,994654
2026-09-08 11:55:00,276.9,279.15,276.9,278.8,1013731
2026-09-08 12:00:00,278.75,279.3,278.45,278.95,328363
2026-09-08 12:05:00,278.85,279.45,278.2,278.25,583497
2026-09-08 12:10:00,278.2,279.0,278.0,279.0,157849
2026-09-08 12:15:00,278.9,279.0,278.3,278.5,130305
2026-09-08 12:20:00,278.4,278.5,276.95,277.35,540809
2026-09-08 12:25:00,277.35,277.35,276.75,277.25,1089258
2026-09-08 12:30:00,277.2,278.55,276.5,277.2,860402
2026-09-08 12:35:00,277.2,277.55,277.05,277.45,164169
2026-09-08 12:40:00,277.45,277.55,277.35,277.45,156580
2026-09-08 12:45:00,277.35,277.5,277.0,277.45,115584
2026-09-08 12:50:00,277.45,277.6,277.35,277.5,101077
2026-09-08 12:55:00,277.4,277.55,277.35,277.35,82072
2026-09-08 13:00:00,277.3,277.6,277.3,277.4,121173
2026-09-08 13:05:00,277.4,277.75,277.3,277.75,178797
2026-09-08 13:10:00,277.75,278.0,277.6,278.0,274122
2026-09-08 13:15:00,277.9,278.05,277.45,277.65,379808
2026-09-08 13:20:00,277.6,277.9,277.35,277.45,243043
2026-09-08 13:25:00,277.45,278.5,277.45,277.95,411050
2026-09-08 13:30:00,277.8,277.9,276.15,276.5,205120
2026-09-08 13:35:00,276.45,276.6,275.55,275.65,247891
2026-09-08 13:40:00,275.65,275.9,274.6,275.65,922205
2026-09-08 13:45:00,275.65,276.2,275.55,276.0,275562
2026-09-08 13:50:00,276.0,276.0,275.4,275.6,404476
2026-09-08 13:55:00,275.7,276.0,275.45,276.0,190850
2026-09-08 14:00:00,275.95,276.05,275.8,276.05,68264
2026-09-08 14:05:00,276.0,276.15,275.85,276.0,77686
2026-09-08 14:10:00,276.0,276.05,275.75,275.8,132739
2026-09-08 14:15:00,275.8,276.1,275.75,276.0,179625
2026-09-08 14:20:00,276.0,276.25,275.7,276.0,512567
2026-09-08 14:25:00,276.05,276.4,275.95,276.1,186625
2026-09-08 14:30:00,276.1,276.3,275.75,275.8,241554
2026-09-08 14:35:00,275.95,276.2,275.8,276.05,289262
2026-09-08 14:40:00,276.05,276.65,275.95,276.65,467152
2026-09-08 14:45:00,276.55,276.7,276.3,276.55,354916
2026-09-08 14:50:00,276.6,276.7,276.3,276.35,188691
2026-09-08 14:55:00,276.4,276.55,276.2,276.35,183279
2026-09-08 15:00:00,276.1,276.45,276.0,276.0,330405
2026-09-08 15:05:00,276.05,276.4,275.65,276.25,509960
2026-09-08 15:10:00,276.3,277.1,276.2,277.0,462622
2026-09-08 15:15:00,277.0,277.0,275.7,275.7,247870
2026-09-09 09:15:00,274.1,275.85,273.2,274.05,1010858
2026-09-09 09:20:00,274.05,274.7,273.7,274.15,542060
2026-09-09 09:25:00,274.0,274.15,273.35,273.5,265359
2026-09-09 09:30:00,273.55,274.1,273.45,273.65,271983
2026-09-09 09:35:00,273.65,273.8,273.3,273.8,194748
2026-09-09 09:40:00,274.05,274.1,273.75,273.9,159738
2026-09-09 09:45:00,273.9,273.9,273.05,273.6,240257
2026-09-09 09:50:00,273.55,273.6,273.3,273.45,76188
2026-09-09 09:55:00,273.45,273.8,272.4,272.6,0
2026-09-09 10:00:00,272.6,272.7,271.8,272.55,339797
2026-09-09 10:05:00,272.5,272.8,272.3,272.45,253186
2026-09-09 10:10:00,272.55,272.65,272.45,272.6,91014
2026-09-09 10:15:00,272.6,273.4,272.55,273.4,263860
2026-09-09 10:20:00,273.4,275.15,273.4,274.95,422288
2026-09-09 10:25:00,274.85,275.4,274.6,274.9,243468
2026-09-09 10:30:00,274.9,275.25,274.8,275.0,151154
2026-09-09 10:35:00,274.9,275.0,274.55,274.6,85573
2026-09-09 10:40:00,274.6,274.95,274.3,274.95,149618
2026-09-09 10:45:00,274.95,275.2,274.6,274.9,190183
2026-09-09 10:50:00,274.9,275.0,274.85,274.95,63921
2026-09-09 10:55:00,274.95,275.05,274.65,274.7,165819
2026-09-09 11:00:00,274.8,275.0,274.75,274.75,94954
2026-09-09 11:05:00,274.7,274.7,274.35,274.5,88877
2026-09-09 11:10:00,274.5,274.55,274.15,274.25,131537
2026-09-09 11:15:00,274.25,274.7,274.15,274.3,100335
2026-09-09 11:20:00,274.3,274.4,274.1,274.15,59391
2026-09-09 11:25:00,274.1,274.45,274.05,274.35,171473
2026-09-09 11:30:00,274.35,274.35,274.0,274.1,77865
2026-09-09 11:35:00,274.1,274.1,273.8,273.95,112539
2026-09-09 11:40:00,273.95,276.05,273.5,275.8,995450
2026-09-09 11:45:00,275.8,276.45,275.4,275.8,218390
2026-09-09 11:50:00,275.7,275.85,275.55,275.8,78790
2026-09-09 11:55:00,275.75,276.75,275.6,276.05,250419
2026-09-09 12:00:00,276.05,276.2,275.7,275.75,88904
2026-09-09 12:05:00,275.75,276.2,275.5,276.0,122950
2026-09-09 12:10:00,276.0,276.3,276.0,276.2,128279
2026-09-09 12:15:00,276.15,276.25,276.05,276.1,53736
2026-09-09 12:20:00,276.05,276.6,276.05,276.35,247909
2026-09-09 12:25:00,276.4,277.4,276.35,277.0,206766
2026-09-09 12:30:00,277.0,278.0,276.8,277.45,284406
2026-09-09 12:35:00,277.4,278.1,277.4,277.9,234104
2026-09-09 12:40:00,277.9,278.85,277.9,278.65,282725
2026-09-09 12:45:00,278.6,279.25,278.6,278.95,541247
2026-09-09 12:50:00,278.85,280.8,278.85,279.95,909126
2026-09-09 12:55:00,280.0,280.55,279.6,280.15,301857
2026-09-09 13:00:00,280.35,280.7,279.75,279.9,295086
2026-09-09 13:05:00,279.95,280.45,279.65,279.95,175722
2026-09-09 13:10:00,279.9,280.35,279.8,280.3,148522
2026-09-09 13:15:00,280.3,280.65,280.05,280.35,134728
2026-09-09 13:20:00,280.35,283.85,280.05,283.5,1235739
2026-09-09 13:25:00,283.45,285.55,283.0,284.15,1410934
2026-09-09 13:30:00,284.15,284.25,283.3,283.95,389007
2026-09-09 13:35:00,283.95,284.6,283.1,283.45,601524
2026-09-09 13:40:00,283.5,283.7,282.75,283.35,178914
2026-09-09 13:45:00,283.85,283.85,282.85,283.05,209281
2026-09-09 13:50:00,283.05,283.1,282.6,282.7,77652
2026-09-09 13:55:00,282.7,283.0,282.55,282.8,150478
2026-09-09 14:00:00,282.85,283.3,282.7,283.3,218891
2026-09-09 14:05:00,283.25,284.4,282.9,284.3,365440
2026-09-09 14:10:00,284.3,284.4,283.55,283.6,256215
2026-09-09 14:15:00,283.7,283.75,283.45,283.75,117756
2026-09-09 14:20:00,283.65,285.2,283.55,284.95,574537
2026-09-09 14:25:00,285.1,285.5,284.8,285.25,573321
2026-09-09 14:30:00,285.15,285.25,283.55,283.55,289046
2026-09-09 14:35:00,283.55,284.05,282.5,282.5,435109
2026-09-09 14:40:00,282.5,282.75,282.3,282.3,221607
2026-09-09 14:45:00,282.45,283.55,282.0,283.55,442750
2026-09-09 14:50:00,283.25,284.0,282.85,283.15,615301
2026-09-09 14:55:00,283.35,283.55,283.1,283.15,237391
2026-09-09 15:00:00,283.2,283.8,283.05,283.6,635117
2026-09-09 15:05:00,283.5,283.75,282.95,283.05,638544
2026-09-09 15:10:00,283.05,283.7,282.6,283.2,1242370
2026-09-10 09:15:00,284.2,284.45,282.15,282.95,846562
2026-09-10 09:20:00,283.0,283.15,279.7,280.9,598359
2026-09-10 09:25:00,281.05,281.7,280.4,280.95,242116
2026-09-10 09:30:00,280.95,281.25,280.4,281.15,60656
2026-09-10 09:35:00,281.2,281.7,280.9,281.15,159309
2026-09-10 09:40:00,281.15,281.4,280.95,281.1,112069
2026-09-10 09:45:00,281.0,281.1,280.7,281.05,59437
2026-09-10 09:50:00,281.0,281.55,281.0,281.0,92847
2026-09-10 09:55:00,281.05,281.3,280.55,280.9,87429
2026-09-10 10:00:00,280.85,280.9,280.1,280.3,104275
2026-09-10 10:05:00,280.4,281.0,279.45,280.0,230046
2026-09-10 10:10:00,280.0,280.1,279.4,279.9,89799
2026-09-10 10:15:00,279.95,280.25,279.75,279.75,60891
2026-09-10 10:20:00,279.85,280.45,279.3,280.2,218521
2026-09-10 10:25:00,280.2,280.35,279.8,279.8,52196
2026-09-10 10:30:00,279.8,280.75,279.8,280.75,107889
2026-09-10 10:35:00,280.75,280.8,280.1,280.45,49746
2026-09-10 10:40:00,280.5,281.5,280.5,281.5,66318
2026-09-10 10:45:00,281.5,281.5,281.05,281.2,208362
2026-09-10 10:50:00,281.2,281.5,280.75,280.9,132234
2026-09-10 10:55:00,280.9,280.95,280.75,280.75,29489
2026-09-10 11:00:00,280.75,281.95,280.75,281.95,304782
2026-09-10 11:05:00,281.8,281.9,280.85,280.95,234214
2026-09-10 11:10:00,280.9,281.4,280.85,281.35,87231
2026-09-10 11:15:00,281.35,281.5,281.15,281.4,57786
2026-09-10 11:20:00,281.3,281.4,281.15,281.35,37019
2026-09-10 11:25:00,281.35,281.35,280.25,280.4,148459
2026-09-10 11:30:00,280.4,280.45,280.1,280.25,47836
2026-09-10 11:35:00,280.25,280.5,280.2,280.2,58177
2026-09-10 11:40:00,280.25,280.9,279.75,280.85,223601
2026-09-10 11:45:00,280.8,280.95,280.6,280.65,68566
2026-09-10 11:50:00,280.65,280.9,280.5,280.7,76365
2026-09-10 11:55:00,280.6,281.15,280.6,281.15,28625
2026-09-10 12:00:00,281.15,281.8,281.15,281.8,558351
2026-09-10 12:05:00,281.7,281.7,281.35,281.35,62991
2026-09-10 12:10:00,281.4,281.75,281.3,281.55,97689
2026-09-10 12:15:00,281.65,281.65,281.35,281.4,47916
2026-09-10 12:20:00,281.5,281.55,281.45,281.45,54323
2026-09-10 12:25:00,281.55,282.25,281.5,281.85,207370
2026-09-10 12:30:00,281.8,282.5,281.45,282.45,171409
2026-09-10 12:35:00,282.5,283.2,282.0,282.2,242206
2026-09-10 12:40:00,282.1,282.2,281.7,281.8,73713
2026-09-10 12:45:00,281.9,282.05,281.55,281.95,68911
2026-09-10 12:50:00,281.75,281.85,281.55,281.55,47985
2026-09-10 12:55:00,281.65,281.7,281.35,281.4,49193
2026-09-10 13:00:00,281.55,282.0,281.4,281.95,81562
2026-09-10 13:05:00,281.95,282.55,281.9,282.4,85563
2026-09-10 13:10:00,282.4,282.5,281.9,282.4,154935
2026-09-10 13:15:00,282.35,282.5,282.05,282.1,47636
2026-09-10 13:20:00,282.0,282.45,282.0,282.3,82254
2026-09-10 13:25:00,282.3,282.9,282.3,282.6,76621
2026-09-10 13:30:00,282.6,283.0,282.4,282.95,141362
2026-09-10 13:35:00,282.95,283.15,282.0,282.35,229448
2026-09-10 13:40:00,282.45,282.6,282.25,282.35,55720
2026-09-10 13:45:00,282.3,282.3,281.65,282.0,86176
2026-09-10 13:50:00,281.95,282.1,281.75,281.85,40654
2026-09-10 13:55:00,281.85,281.9,281.65,281.8,32399
2026-09-10 14:00:00,281.75,282.0,281.4,281.6,139579
2026-09-10 14:05:00,281.7,281.85,281.55,281.7,79553
2026-09-10 14:10:00,281.85,281.85,281.55,281.65,182423
2026-09-10 14:15:00,281.55,281.75,280.8,281.05,223025
2026-09-10 14:20:00,281.2,281.25,280.5,281.15,284237
2026-09-10 14:25:00,281.15,281.25,280.9,280.95,70101
2026-09-10 14:30:00,281.0,281.0,280.5,280.75,82837
2026-09-10 14:35:00,280.9,280.9,280.5,280.85,138000
2026-09-10 14:40:00,280.95,281.15,280.7,280.95,181426
2026-09-10 14:45:00,281.0,281.25,280.95,281.15,171487
2026-09-10 14:50:00,281.25,281.35,280.85,281.25,289800
2026-09-10 14:55:00,281.25,281.25,280.6,280.9,246306
2026-09-10 15:00:00,280.9,280.9,279.25,279.45,439099
2026-09-10 15:05:00,279.5,279.8,279.1,279.55,425447
2026-09-10 15:10:00,279.45,279.6,278.6,279.25,552398
2026-09-11 09:15:00,276.5,277.8,275.3,276.5,516653
2026-09-11 09:20:00,276.6,276.6,275.75,276.2,140265
2026-09-11 09:25:00,275.9,276.1,275.7,276.1,138681
2026-09-11 09:30:00,276.1,276.65,275.7,276.2,162696
2026-09-11 09:35:00,276.2,276.5,275.75,275.95,142371
2026-09-11 09:40:00,275.9,276.15,275.6,275.9,181127
2026-09-11 09:45:00,275.9,276.05,275.7,276.05,98150
2026-09-11 09:50:00,276.0,276.3,275.65,275.95,133385
2026-09-11 09:55:00,275.75,276.1,275.65,275.85,45719
2026-09-11 10:00:00,275.8,276.35,275.8,276.2,144849
2026-09-11 10:05:00,276.2,276.7,276.05,276.6,155586
2026-09-11 10:10:00,276.7,277.0,276.25,276.95,137590
2026-09-11 10:15:00,276.65,277.15,276.4,276.5,185498
2026-09-11 10:20:00,276.45,279.4,276.45,279.15,741785
2026-09-11 10:25:00,279.0,279.0,277.85,278.2,402384
2026-09-11 10:30:00,278.15,279.95,278.0,278.95,375904
2026-09-11 10:35:00,278.95,278.95,278.25,278.25,228500
2026-09-11 10:40:00,278.45,279.05,278.3,279.05,163957
2026-09-11 10:45:00,279.05,279.1,278.2,278.65,134539
2026-09-11 10:50:00,278.65,279.0,278.5,278.85,90819
2026-09-11 10:55:00,278.85,278.85,277.65,277.95,287349
2026-09-11 11:00:00,277.95,278.65,277.9,278.5,80129
2026-09-11 11:05:00,278.5,278.8,278.4,278.65,205324
2026-09-11 11:10:00,278.65,279.2,278.6,279.1,127433
2026-09-11 11:15:00,279.1,280.4,279.0,280.3,768905
2026-09-11 11:20:00,280.3,281.45,279.9,280.15,1011113
2026-09-11 11:25:00,280.05,280.35,279.8,279.85,202002
2026-09-11 11:30:00,279.8,280.8,279.8,280.35,288912
2026-09-11 11:35:00,280.4,280.4,280.0,280.15,167599
2026-09-11 11:40:00,280.05,280.25,280.0,280.15,80458
2026-09-11 11:45:00,280.15,280.15,279.75,279.9,169045
2026-09-11 11:50:00,279.9,280.05,279.7,279.9,63570
2026-09-11 11:55:00,279.9,280.0,279.65,279.7,102780
2026-09-11 12:00:00,279.75,279.75,279.2,279.3,169149
2026-09-11 12:05:00,279.35,279.35,278.6,278.75,202432
2026-09-11 12:10:00,278.75,278.8,278.0,278.3,233550
2026-09-11 12:15:00,278.3,278.3,277.95,278.0,92913
2026-09-11 12:20:00,278.0,278.1,277.95,278.0,111719
2026-09-11 12:25:00,278.0,278.35,278.0,278.2,123532
2026-09-11 12:30:00,278.2,278.3,277.7,277.9,455029
2026-09-11 12:35:00,277.9,278.05,277.8,278.0,116028
2026-09-11 12:40:00,278.0,278.0,277.9,278.0,99210
2026-09-11 12:45:00,278.0,278.0,277.6,278.0,235850
2026-09-11 12:50:00,278.0,278.0,277.75,277.9,96394
2026-09-11 12:55:00,277.9,277.9,276.8,276.95,695719
2026-09-11 13:00:00,276.95,276.95,276.6,276.65,139052
2026-09-11 13:05:00,276.6,276.65,276.45,276.6,108559
2026-09-11 13:10:00,276.6,277.15,276.4,276.9,501845
2026-09-11 13:15:00,276.9,277.0,276.85,276.95,99022
2026-09-11 13:20:00,276.95,276.95,276.5,276.8,113151
2026-09-11 13:25:00,276.8,276.95,276.6,276.8,142210
2026-09-11 13:30:00,276.8,277.65,276.65,277.4,353556
2026-09-11 13:35:00,277.3,277.4,276.95,276.95,140019
2026-09-11 13:40:00,277.0,277.05,276.45,276.85,114104
2026-09-11 13:45:00,276.9,277.0,276.55,276.7,110741
2026-09-11 13:50:00,276.7,277.0,276.6,276.7,154787
2026-09-11 13:55:00,276.7,277.05,276.7,276.8,503353
2026-09-11 14:00:00,276.8,277.6,276.75,277.45,466901
2026-09-11 14:05:00,277.55,277.75,277.3,277.55,197178
2026-09-11 14:10:00,277.55,277.7,277.25,277.4,153437
2026-09-11 14:15:00,277.3,277.4,277.2,277.4,95750
2026-09-11 14:20:00,277.35,277.5,277.1,277.35,155138
2026-09-11 14:25:00,277.3,277.5,277.2,277.25,156332
2026-09-11 14:30:00,277.15,277.5,277.15,277.3,123100
2026-09-11 14:35:00,277.3,277.6,277.1,277.3,205631
2026-09-11 14:40:00,277.15,277.35,276.95,277.25,316892
2026-09-11 14:45:00,277.3,277.4,277.1,277.3,175977
2026-09-11 14:50:00,277.25,277.45,277.05,277.45,241078
2026-09-11 14:55:00,277.35,278.15,277.3,278.05,289122
2026-09-11 15:00:00,278.0,278.0,277.1,277.1,370415
2026-09-11 15:05:00,277.3,277.8,277.0,277.75,410785
2026-09-11 15:10:00,277.65,278.7,277.3,278.7,625381
2026-09-11 15:15:00,278.15,278.2,278.15,278.2,7805
2026-09-15 09:15:00,278.85,280.8,278.7,278.8,476389
2026-09-15 09:20:00,278.85,279.4,278.05,278.7,287756
2026-09-15 09:25:00,278.4,278.6,277.25,277.8,204141
2026-09-15 09:30:00,277.8,279.35,277.2,279.35,302904
2026-09-15 09:35:00,279.25,280.5,279.25,280.25,297326
2026-09-15 09:40:00,280.15,282.0,280.15,281.85,602210
2026-09-15 09:45:00,281.9,281.9,280.1,280.5,386579
2026-09-15 09:50:00,280.45,280.45,279.45,279.65,284060
2026-09-15 09:55:00,279.65,279.8,278.65,279.6,412872
2026-09-15 10:00:00,279.65,280.55,279.45,280.55,255555
2026-09-15 10:05:00,280.55,280.9,279.8,279.9,132874
2026-09-15 10:10:00,279.8,280.0,279.35,279.7,126438
2026-09-15 10:15:00,279.6,280.15,279.5,280.15,49148
2026-09-15 10:20:00,280.15,280.75,279.7,280.6,79696
2026-09-15 10:25:00,280.4,280.5,279.7,279.85,34093
2026-09-15 10:30:00,279.9,280.45,279.7,279.75,71698
2026-09-15 10:35:00,279.8,280.3,279.8,280.1,117076
2026-09-15 10:40:00,280.2,280.2,279.25,279.4,51947
2026-09-15 10:45:00,279.45,279.45,278.9,279.1,139402
2026-09-15 10:50:00,279.1,279.3,278.35,278.5,67941
2026-09-15 10:55:00,278.45,279.15,278.3,279.1,226523
2026-09-15 11:00:00,279.05,279.05,278.35,278.8,133155
2026-09-15 11:05:00,278.8,278.9,278.55,278.55,50703
2026-09-15 11:10:00,278.55,278.6,278.35,278.4,51313
2026-09-15 11:15:00,278.4,278.6,278.15,278.2,128821
2026-09-15 11:20:00,278.2,278.2,278.0,278.1,66281
2026-09-15 11:25:00,278.15,278.2,277.8,277.8,91937
2026-09-15 11:30:00,277.8,278.7,277.8,278.45,178308
2026-09-15 11:35:00,278.5,278.95,278.45,278.95,61072
2026-09-15 11:40:00,278.95,279.35,278.8,279.25,82164
2026-09-15 11:45:00,279.2,279.35,278.85,279.0,138943
2026-09-15 11:50:00,279.0,279.05,278.4,278.7,84777
2026-09-15 11:55:00,279.1,280.1,279.05,280.05,195386
2026-09-15 12:00:00,280.1,280.75,280.0,280.65,177023
2026-09-15 12:05:00,280.65,280.75,280.15,280.2,114538
2026-09-15 12:10:00,280.2,280.5,279.8,279.85,65297
2026-09-15 12:15:00,280.0,280.2,279.4,279.4,259973
2026-09-15 12:20:00,279.4,279.4,279.1,279.3,74398
2026-09-15 12:25:00,279.2,279.25,278.65,279.0,95920
2026-09-15 12:30:00,278.95,279.0,278.5,278.7,54360
2026-09-15 12:35:00,278.7,279.0,278.5,278.5,107889
2026-09-15 12:40:00,278.5,278.65,278.5,278.6,44741
2026-09-15 12:45:00,278.6,278.9,278.6,278.75,39854
2026-09-15 12:50:00,278.75,279.05,278.75,278.95,79416
2026-09-15 12:55:00,279.0,279.05,278.4,278.75,136155
2026-09-15 13:00:00,278.75,278.9,278.65,278.8,41828
2026-09-15 13:05:00,278.45,278.95,278.45,278.75,152502
2026-09-15 13:10:00,278.7,278.8,278.5,278.75,50553
2026-09-15 13:15:00,278.75,278.75,278.45,278.7,80902
2026-09-15 13:20:00,278.65,278.7,278.45,278.6,53014
2026-09-15 13:25:00,278.55,278.55,278.35,278.55,62565
2026-09-15 13:30:00,278.5,278.5,278.1,278.3,111328
2026-09-15 13:35:00,278.25,278.3,277.15,277.2,360356
2026-09-15 13:40:00,277.15,277.15,276.8,277.0,107116
2026-09-15 13:45:00,276.95,277.4,276.85,277.25,96956
2026-09-15 13:50:00,277.25,278.05,277.2,277.75,117825
2026-09-15 13:55:00,277.75,277.8,277.45,277.55,62444
2026-09-15 14:00:00,277.65,277.85,276.95,277.15,178261
2026-09-15 14:05:00,277.15,277.65,276.95,277.15,144534
2026-09-15 14:10:00,277.0,277.1,276.1,276.2,226424
2026-09-15 14:15:00,276.15,276.2,275.6,275.65,301807
2026-09-15 14:20:00,275.6,276.1,275.55,275.75,270669
2026-09-15 14:25:00,275.6,275.8,275.35,275.8,230558
2026-09-15 14:30:00,275.75,276.0,275.6,275.9,141026
2026-09-15 14:35:00,275.9,276.4,275.85,276.3,172989
2026-09-15 14:40:00,276.2,276.35,275.7,275.7,271341
2026-09-15 14:45:00,275.75,275.85,275.2,275.2,309483
2026-09-15 14:50:00,275.2,275.75,275.05,275.6,529540
2026-09-15 14:55:00,275.5,276.1,275.45,275.85,444967
2026-09-15 15:00:00,275.85,276.15,275.65,275.8,403855
2026-09-15 15:05:00,275.8,276.1,275.55,275.75,448525
2026-09-15 15:10:00,275.75,276.05,275.0,275.7,561921
2026-09-15 15:15:00,275.0,275.0,275.0,275.0,150930
2026-09-16 09:15:00,274.8,277.5,274.8,275.95,305940
2026-09-16 09:20:00,275.9,275.9,273.85,274.0,494000
2026-09-16 09:25:00,273.75,273.75,272.4,272.95,266613
2026-09-16 09:30:00,272.9,273.25,272.0,273.25,230113
2026-09-16 09:35:00,272.55,272.55,270.65,270.85,343731
2026-09-16 09:40:00,270.85,271.25,270.45,270.5,160200
2026-09-16 09:45:00,270.5,270.65,269.55,270.1,351696
2026-09-16 09:50:00,270.2,272.8,269.85,272.8,364716
2026-09-16 09:55:00,273.0,273.0,271.45,271.85,181657
2026-09-16 10:00:00,271.9,272.15,271.45,271.55,130111
2026-09-16 10:05:00,271.55,271.6,271.0,271.4,84636
2026-09-16 10:10:00,271.45,273.2,271.45,272.1,154319
2026-09-16 10:15:00,272.05,272.6,271.75,272.15,128523
2026-09-16 10:20:00,272.05,272.65,272.05,272.4,87539
2026-09-16 10:25:00,272.3,272.85,271.7,272.5,257653
2026-09-16 10:30:00,272.5,272.8,272.35,272.8,50929
2026-09-16 10:35:00,272.7,272.7,270.35,271.25,383419
2026-09-16 10:40:00,271.25,271.45,271.15,271.45,68958
2026-09-16 10:45:00,271.55,271.7,270.6,271.35,228434
2026-09-16 10:50:00,271.35,271.5,270.75,270.75,138602
2026-09-16 10:55:00,270.75,271.2,270.7,271.2,42683
2026-09-16 11:00:00,271.2,271.55,271.15,271.4,59758
2026-09-16 11:05:00,271.35,271.55,270.95,271.5,56551
2026-09-16 11:10:00,271.5,271.5,271.0,271.0,54289
2026-09-16 11:15:00,271.05,271.7,271.05,271.15,46450
2026-09-16 11:20:00,271.15,271.3,270.65,271.15,81002
2026-09-16 11:25:00,271.15,271.15,270.75,270.95,48445
2026-09-16 11:30:00,271.1,271.4,271.0,271.05,71671
2026-09-16 11:35:00,271.0,271.3,270.8,271.2,33964
2026-09-16 11:40:00,271.2,271.2,271.0,271.2,35984
2026-09-16 11:45:00,271.2,271.2,270.85,270.95,30205
2026-09-16 11:50:00,270.95,271.3,270.7,270.75,31521
2026-09-16 11:55:00,270.7,270.75,270.45,270.65,54808
2026-09-16 12:00:00,270.5,270.8,270.5,270.7,38101
2026-09-16 12:05:00,270.6,270.9,270.6,270.9,32541
2026-09-16 12:10:00,270.9,271.25,270.8,270.9,54792
2026-09-16 12:15:00,270.9,271.25,270.8,270.95,37845
2026-09-16 12:20:00,270.95,271.05,270.85,271.0,20777
2026-09-16 12:25:00,271.0,271.0,270.8,270.85,36764
2026-09-16 12:30:00,270.95,271.25,270.8,271.1,53241
2026-09-16 12:35:00,271.15,271.85,270.85,271.65,111668
2026-09-16 12:40:00,271.85,271.85,271.4,271.7,58354
2026-09-16 12:45:00,271.75,272.6,271.55,272.55,196207
2026-09-16 12:50:00,272.55,272.6,271.8,272.25,106066
2026-09-16 12:55:00,272.25,272.3,271.8,271.85,33715
2026-09-16 13:00:00,271.75,272.2,271.75,272.2,53698
2026-09-16 13:05:00,272.2,272.6,272.1,272.2,103740
2026-09-16 13:10:00,272.15,272.35,272.0,272.2,44065
2026-09-16 13:15:00,272.2,272.4,272.0,272.3,34286
2026-09-16 13:20:00,272.3,272.3,271.75,271.8,47337
2026-09-16 13:25:00,271.7,271.7,271.2,271.35,62974
2026-09-16 13:30:00,271.35,271.65,271.3,271.35,33429
2026-09-16 13:35:00,271.3,271.5,271.15,271.4,74197
2026-09-16 13:40:00,271.45,271.45,270.65,270.85,53978
2026-09-16 13:45:00,270.7,271.4,270.7,271.4,51895
2026-09-16 13:50:00,271.35,271.45,271.2,271.3,30790
2026-09-16 13:55:00,271.3,271.3,271.0,271.1,25904
2026-09-16 14:00:00,271.2,271.6,271.2,271.45,57686
2026-09-16 14:05:00,271.45,271.5,271.1,271.25,28222
2026-09-16 14:10:00,271.25,271.5,271.1,271.35,44937
2026-09-16 14:15:00,271.25,271.4,270.75,271.05,122296
2026-09-16 14:20:00,270.95,271.0,270.5,270.5,93953
2026-09-16 14:25:00,270.5,270.8,270.3,270.3,115070
2026-09-16 14:30:00,270.35,270.4,270.05,270.35,199466
2026-09-16 14:35:00,270.35,270.65,270.1,270.55,89782
2026-09-16 14:40:00,270.55,270.95,270.4,270.8,108628
2026-09-16 14:45:00,270.8,271.4,270.8,271.1,139257
2026-09-16 14:50:00,271.05,271.2,270.85,271.0,92235
2026-09-16 14:55:00,271.0,271.1,270.25,270.5,174672
2026-09-16 15:00:00,270.5,270.5,269.85,270.05,289116
2026-09-16 15:05:00,270.05,270.85,269.85,270.35,300216
2026-09-16 15:10:00,270.4,271.7,270.35,270.5,697048
2026-09-17 09:15:00,271.75,274.25,271.75,273.35,552586
2026-09-17 09:20:00,273.15,273.8,272.6,273.35,162165
2026-09-17 09:25:00,273.15,274.9,273.15,273.7,278624
2026-09-17 09:30:00,273.75,274.2,273.7,274.15,98625
2026-09-17 09:35:00,274.15,274.4,273.5,274.0,80058
2026-09-17 09:40:00,273.75,273.95,272.9,273.15,124061
2026-09-17 09:45:00,273.3,275.8,273.05,275.7,371604
2026-09-17 09:50:00,275.65,276.8,275.4,276.45,296535
2026-09-17 09:55:00,276.45,277.35,276.4,276.8,193086
2026-09-17 10:00:00,276.7,277.2,276.6,277.2,202885
2026-09-17 10:05:00,277.2,277.9,277.05,277.7,184920
2026-09-17 10:10:00,277.55,277.65,276.95,277.15,75397
2026-09-17 10:15:00,277.2,277.6,276.7,277.0,130348
2026-09-17 10:20:00,276.95,278.65,276.9,277.75,333512
2026-09-17 10:25:00,277.55,277.55,276.8,277.25,137237
2026-09-17 10:30:00,277.25,277.25,276.45,276.85,186692
2026-09-17 10:35:00,276.9,278.05,276.75,277.85,146104
2026-09-17 10:40:00,277.9,278.05,277.5,277.65,110370
2026-09-17 10:45:00,277.65,277.75,277.05,277.05,71612
2026-09-17 10:50:00,277.4,278.0,277.4,277.95,87938
2026-09-17 10:55:00,277.95,278.2,277.6,277.9,75565
2026-09-17 11:00:00,277.75,277.9,277.35,277.45,63293
2026-09-17 11:05:00,277.55,277.55,276.9,277.0,68066
2026-09-17 11:10:00,277.1,277.1,276.75,277.0,121732
2026-09-17 11:15:00,277.1,277.25,276.7,277.25,128028
2026-09-17 11:20:00,277.25,277.25,277.25,277.25,57487
2026-09-17 11:25:00,277.2,277.3,276.35,276.45,86047
2026-09-17 11:30:00,276.5,276.5,275.85,276.3,89415
2026-09-17 11:35:00,276.3,276.3,275.7,275.9,83506
2026-09-17 11:40:00,275.95,276.5,275.6,275.6,290770
2026-09-17 11:45:00,275.7,275.75,274.65,274.85,370426
2026-09-17 11:50:00,274.95,275.1,274.85,274.9,44108
2026-09-17 11:55:00,274.9,275.8,274.9,275.8,59610
2026-09-17 12:00:00,275.9,276.6,275.9,276.0,131943
2026-09-17 12:05:00,276.05,276.6,275.95,276.4,108569
2026-09-17 12:10:00,276.4,276.55,276.3,276.5,38813
2026-09-17 12:15:00,276.45,276.55,276.25,276.35,34045
2026-09-17 12:20:00,276.25,276.75,276.05,276.25,59587
2026-09-17 12:25:00,276.35,276.75,276.35,276.6,40329
2026-09-17 12:30:00,276.5,276.7,276.4,276.65,19239
2026-09-17 12:35:00,276.65,277.3,276.65,277.3,108097
2026-09-17 12:40:00,277.3,277.3,276.5,276.5,95822
2026-09-17 12:45:00,276.5,276.8,276.4,276.4,50267
2026-09-17 12:50:00,276.4,276.8,276.4,276.75,21843
2026-09-17 12:55:00,276.6,276.9,276.55,276.6,26050
2026-09-17 13:00:00,276.6,276.85,276.5,276.5,29777
2026-09-17 13:05:00,276.5,276.8,276.45,276.7,32680
2026-09-17 13:10:00,276.7,276.75,276.5,276.55,16804
2026-09-17 13:15:00,276.7,276.7,276.3,276.3,19900
2026-09-17 13:20:00,276.25,276.75,276.15,276.45,40129
2026-09-17 13:25:00,276.55,276.55,276.05,276.15,186837
2026-09-17 13:30:00,276.1,276.2,275.8,276.15,91911
2026-09-17 13:35:00,276.0,276.1,275.75,276.0,48523
2026-09-17 13:40:00,275.9,276.25,275.85,276.0,83785
2026-09-17 13:45:00,275.9,276.25,275.75,276.25,28256
2026-09-17 13:50:00,276.2,276.3,276.1,276.2,49492
2026-09-17 13:55:00,276.2,276.5,276.2,276.25,24699
2026-09-17 14:00:00,276.25,276.3,276.05,276.1,15715
2026-09-17 14:05:00,276.15,276.35,276.1,276.15,6860
2026-09-17 14:10:00,276.25,276.25,275.95,276.1,11826
2026-09-17 14:15:00,276.15,276.8,275.8,276.55,276647
2026-09-17 14:20:00,276.55,276.8,276.4,276.4,64563
2026-09-17 14:25:00,276.35,276.5,276.05,276.5,62949
2026-09-17 14:30:00,276.55,276.7,276.2,276.25,30596
2026-09-17 14:35:00,276.25,277.0,276.1,276.8,50761
2026-09-17 14:40:00,276.65,276.95,276.3,276.4,56745
2026-09-17 14:45:00,276.4,276.6,276.3,276.3,59508
2026-09-17 14:50:00,276.35,276.4,276.05,276.15,75307
2026-09-17 14:55:00,276.05,276.85,276.0,276.65,234002
2026-09-17 15:00:00,276.55,276.75,276.4,276.7,243129
2026-09-17 15:05:00,276.7,276.7,276.25,276.25,428601
2026-09-17 15:10:00,276.35,276.6,276.2,276.6,496020
2026-09-17 15:15:00,276.55,276.55,276.5,276.5,354629
2026-09-18 09:15:00,277.7,279.15,276.5,279.15,271068
2026-09-18 09:20:00,279.25,280.0,278.05,279.15,269796
2026-09-18 09:25:00,279.1,279.75,277.75,278.0,200707
2026-09-18 09:30:00,277.9,278.65,277.85,278.3,99872
2026-09-18 09:35:00,278.3,279.0,278.1,278.1,114386
2026-09-18 09:40:00,278.0,278.7,278.0,278.55,91589
2026-09-18 09:45:00,278.6,279.0,278.3,278.3,91769
2026-09-18 09:50:00,278.4,278.8,278.25,278.8,46324
2026-09-18 09:55:00,278.7,278.9,278.4,278.45,59715
2026-09-18 10:00:00,278.45,278.45,277.85,277.85,49581
2026-09-18 10:05:00,277.95,278.75,277.85,278.55,66394
2026-09-18 10:10:00,278.6,278.65,278.15,278.6,37274
2026-09-18 10:15:00,278.5,278.6,278.1,278.25,40158
2026-09-18 10:20:00,278.3,278.55,278.1,278.25,45184
2026-09-18 10:25:00,278.25,278.25,277.35,277.65,135755
2026-09-18 10:30:00,277.65,277.65,276.8,277.15,325586
2026-09-18 10:35:00,277.15,277.15,276.6,276.7,34375
2026-09-18 10:40:00,276.6,276.75,276.55,276.7,43843
2026-09-18 10:45:00,276.55,276.85,276.55,276.65,66929
2026-09-18 10:50:00,276.6,276.7,276.55,276.7,21758
2026-09-18 10:55:00,276.7,276.85,276.6,276.6,46129
2026-09-18 11:00:00,276.55,276.65,276.2,276.35,80261
2026-09-18 11:05:00,276.2,278.85,276.0,278.5,779292
2026-09-18 11:10:00,278.7,278.8,278.05,278.4,82122
2026-09-18 11:15:00,278.3,279.2,278.3,278.8,135723
2026-09-18 11:20:00,278.75,278.85,278.3,278.3,54505
2026-09-18 11:25:00,278.3,278.4,277.2,277.25,83714
2026-09-18 11:30:00,277.15,277.5,276.55,277.2,115562
2026-09-18 11:35:00,277.15,277.4,276.85,276.9,101006
2026-09-18 11:40:00,277.0,277.0,276.6,276.85,145199
2026-09-18 11:45:00,276.85,277.4,276.2,276.9,205168
2026-09-18 11:50:00,277.05,277.35,276.85,276.9,96664
2026-09-18 11:55:00,277.05,277.1,276.55,276.55,302141
2026-09-18 12:00:00,276.55,276.75,276.4,276.4,137216
2026-09-18 12:05:00,276.55,276.6,276.15,276.2,233032
2026-09-18 12:10:00,276.2,276.7,276.2,276.4,124872
2026-09-18 12:15:00,276.4,276.75,276.4,276.7,120789
2026-09-18 12:20:00,276.7,276.8,276.3,276.8,171496
2026-09-18 12:25:00,276.7,276.8,276.5,276.75,124251
2026-09-18 12:30:00,276.85,277.05,276.55,276.95,179082
2026-09-18 12:35:00,276.9,277.05,276.8,277.05,111963
2026-09-18 12:40:00,277.05,277.2,276.95,277.1,67339
2026-09-18 12:45:00,277.15,277.15,277.0,277.1,67687
2026-09-18 12:50:00,277.1,277.15,277.0,277.0,82392
2026-09-18 12:55:00,277.05,277.2,276.75,277.2,128081
2026-09-18 13:00:00,277.2,277.3,276.9,277.3,104974
2026-09-18 13:05:00,277.25,277.4,277.1,277.1,109047
2026-09-18 13:10:00,277.1,277.1,277.0,277.05,76523
2026-09-18 13:15:00,277.05,277.1,276.8,276.8,91006
2026-09-18 13:20:00,276.85,276.95,276.75,276.95,75948
2026-09-18 13:25:00,276.95,277.15,276.8,277.0,116443
2026-09-18 13:30:00,277.0,277.45,277.0,277.45,146448
2026-09-18 13:35:00,277.3,277.95,277.3,277.7,137366
2026-09-18 13:40:00,277.7,278.4,277.6,277.8,216087
2026-09-18 13:45:00,277.9,277.95,277.6,277.65,123394
2026-09-18 13:50:00,277.65,278.1,277.6,278.1,82426
2026-09-18 13:55:00,278.1,278.1,277.85,277.95,80069
2026-09-18 14:00:00,278.1,278.1,277.75,277.85,184686
2026-09-18 14:05:00,277.8,278.1,277.75,278.0,80619
2026-09-18 14:10:00,278.0,278.2,277.85,277.95,182913
2026-09-18 14:15:00,278.05,278.1,277.9,278.1,136166
2026-09-18 14:20:00,278.1,278.2,278.0,278.05,136218
2026-09-18 14:25:00,278.1,278.3,277.9,278.15,320652
2026-09-18 14:30:00,278.15,278.25,277.7,278.0,160457
2026-09-18 14:35:00,277.95,278.0,277.7,277.9,110333
2026-09-18 14:40:00,277.85,278.1,277.75,278.1,188421
2026-09-18 14:45:00,278.05,278.35,277.75,278.25,237459
2026-09-18 14:50:00,278.2,278.9,278.15,278.55,249887
2026-09-18 14:55:00,278.5,278.65,278.05,278.5,286543
2026-09-18 15:00:00,278.65,278.95,278.2,278.45,569339
2026-09-18 15:05:00,278.45,278.95,278.35,278.5,799593
2026-09-18 15:10:00,278.7,279.0,278.3,279.0,757138
2026-09-18 15:15:00,279.0,279.0,273.05,273.05,1144
2026-09-21 09:15:00,276.9,278.0,275.15,276.85,504766
2026-09-21 09:20:00,276.6,276.6,275.4,275.65,391055
2026-09-21 09:25:00,275.5,276.3,275.5,276.1,114379
2026-09-21 09:30:00,275.8,277.05,275.75,276.5,222320
2026-09-21 09:35:00,276.65,278.5,276.5,278.45,317351
2026-09-21 09:40:00,278.2,278.85,277.85,278.55,237540
2026-09-21 09:45:00,278.7,281.85,278.5,280.1,0
2026-09-21 09:50:00,280.1,280.3,278.75,279.35,0
2026-09-21 09:55:00,279.65,279.8,279.0,279.05,394698
2026-09-21 10:00:00,279.05,279.05,278.55,278.65,97331
2026-09-21 10:05:00,278.65,278.7,278.2,278.2,370206
2026-09-21 10:10:00,277.3,277.9,276.6,276.75,237519
2026-09-21 10:15:00,276.7,277.0,276.25,277.0,239180
2026-09-21 10:20:00,276.9,277.1,276.55,276.95,73928
2026-09-21 10:25:00,276.95,277.45,276.8,276.95,199171
2026-09-21 10:30:00,276.95,277.0,276.8,276.9,37507
2026-09-21 10:35:00,276.85,276.9,276.05,276.35,210504
2026-09-21 10:40:00,276.35,276.5,276.2,276.35,43738
2026-09-21 10:45:00,276.35,276.5,275.6,276.0,163691
2026-09-21 10:50:00,276.05,276.15,275.7,276.1,74925
2026-09-21 10:55:00,276.2,276.3,275.3,275.35,386185
2026-09-21 11:00:00,275.4,275.5,274.65,275.05,207634
2026-09-21 11:05:00,275.05,275.1,274.4,274.55,134936
2026-09-21 11:10:00,274.4,274.4,273.55,273.95,285438
2026-09-21 11:15:00,274.1,274.4,273.4,273.6,172555
2026-09-21 11:20:00,273.55,274.0,273.3,273.85,152362
2026-09-21 11:25:00,274.0,274.0,273.6,273.95,155940
2026-09-21 11:30:00,273.95,274.8,273.9,274.3,169421
2026-09-21 11:35:00,274.2,274.3,274.0,274.15,42919
2026-09-21 11:40:00,274.15,274.25,273.9,273.95,91558
2026-09-21 11:45:00,274.0,274.05,273.65,273.65,80661
2026-09-21 11:50:00,273.7,273.75,273.25,273.6,134298
2026-09-21 11:55:00,273.65,273.95,272.9,273.25,189661
2026-09-21 12:00:00,273.15,273.35,272.75,273.05,222963
2026-09-21 12:05:00,272.95,273.5,272.85,273.45,67591
2026-09-21 12:10:00,273.45,273.55,273.25,273.3,69855
2026-09-21 12:15:00,273.4,274.1,273.3,273.95,178931
2026-09-21 12:20:00,273.95,274.55,273.75,274.1,250834
2026-09-21 12:25:00,274.15,274.15,273.85,273.85,55601
2026-09-21 12:30:00,273.9,274.25,273.65,273.95,68208
2026-09-21 12:35:00,273.95,274.2,273.8,274.05,54049
2026-09-21 12:40:00,274.15,274.4,273.8,274.25,126309
2026-09-21 12:45:00,274.25,274.9,274.25,274.75,114334
2026-09-21 12:50:00,274.75,275.45,274.2,275.1,336898
2026-09-21 12:55:00,275.1,275.85,275.05,275.45,165330
2026-09-21 13:00:00,275.45,276.4,275.4,275.9,276037
2026-09-21 13:05:00,275.9,276.5,275.6,275.8,379030
2026-09-21 13:10:00,275.8,276.2,274.65,274.65,424535
2026-09-21 13:15:00,274.65,275.6,274.6,275.05,288072
2026-09-21 13:20:00,275.05,275.55,274.3,274.5,1019034
2026-09-21 13:25:00,274.5,274.9,274.4,274.55,187122
2026-09-21 13:30:00,274.65,275.2,274.55,274.85,189560
2026-09-21 13:35:00,274.95,275.25,274.5,274.75,132123
2026-09-21 13:40:00,274.9,275.1,274.65,274.65,126375
2026-09-21 13:45:00,274.75,275.1,274.25,274.9,137960
2026-09-21 13:50:00,275.0,275.55,274.65,274.9,208267
2026-09-21 13:55:00,274.9,275.5,274.85,274.95,518702
2026-09-21 14:00:00,275.0,275.05,274.4,274.45,255831
2026-09-21 14:05:00,274.5,274.5,273.85,273.9,281160
2026-09-21 14:10:00,273.9,274.0,273.6,273.75,128936
2026-09-21 14:15:00,273.6,273.7,273.3,273.4,151008
2026-09-21 14:20:00,273.5,273.9,273.4,273.5,291516
2026-09-21 14:25:00,273.5,273.75,273.4,273.4,238563
2026-09-21 14:30:00,273.4,273.55,273.0,273.2,234362
2026-09-21 14:35:00,273.2,273.3,272.6,272.9,242962
2026-09-21 14:40:00,273.0,273.25,272.9,272.95,226818
2026-09-21 14:45:00,272.9,273.3,272.9,273.05,285395
2026-09-21 14:50:00,273.05,273.95,272.95,273.5,844707
2026-09-21 14:55:00,273.5,273.6,272.4,272.45,789588
2026-09-21 15:00:00,272.55,272.85,271.5,271.8,967488
2026-09-21 15:05:00,271.75,271.75,271.3,271.45,525358
2026-09-21 15:10:00,271.6,272.25,271.15,272.0,970100
2026-09-21 15:15:00,271.9,272.7,271.9,272.7,178520
2026-09-22 09:15:00,273.95,275.45,272.8,275.0,945507
2026-09-22 09:20:00,275.1,275.55,273.9,274.95,628188
2026-09-22 09:25:00,274.95,275.4,274.2,275.35,624192
2026-09-22 09:30:00,275.3,276.85,275.2,275.85,1353474
2026-09-22 09:35:00,275.9,278.5,275.9,278.1,759942
2026-09-22 09:40:00,278.25,279.25,278.1,278.9,1154352
2026-09-22 09:45:00,278.9,279.5,278.75,279.3,682051
2026-09-22 09:50:00,279.25,279.9,279.0,279.45,541585
2026-09-22 09:55:00,279.45,279.65,278.25,278.75,989018
2026-09-22 10:00:00,278.65,279.35,277.85,278.05,980317
2026-09-22 10:05:00,278.25,278.35,276.65,277.85,1259573
2026-09-22 10:10:00,277.75,278.4,277.55,278.25,481360
2026-09-22 10:15:00,278.2,279.15,277.8,279.1,565174
2026-09-22 10:20:00,279.05,279.5,278.15,278.35,407381
2026-09-22 10:25:00,278.35,278.75,278.25,278.75,231107
2026-09-22 10:30:00,278.8,279.4,278.5,279.15,252197
2026-09-22 10:35:00,278.95,279.0,278.55,278.8,148988
2026-09-22 10:40:00,278.8,278.95,278.5,278.9,301336
2026-09-22 10:45:00,278.9,278.9,278.0,278.0,173378
2026-09-22 10:50:00,278.0,278.0,277.4,277.55,357375
2026-09-22 10:55:00,277.5,278.2,277.5,277.95,328894
2026-09-22 11:00:00,277.9,278.9,277.75,278.8,319625
2026-09-22 11:05:00,278.85,278.85,278.4,278.6,279652
2026-09-22 11:10:00,278.6,279.0,278.55,278.85,295564
2026-09-22 11:15:00,278.85,279.0,278.6,278.7,182707
2026-09-22 11:20:00,278.75,279.1,278.7,278.85,375164
2026-09-22 11:25:00,278.85,278.95,278.5,278.5,150762
2026-09-22 11:30:00,278.6,278.85,278.5,278.8,244195
2026-09-22 11:35:00,278.7,278.95,278.55,278.95,248451
2026-09-22 11:40:00,278.95,280.55,278.65,280.25,1118007
2026-09-22 11:45:00,280.5,282.65,280.0,281.7,1311109
2026-09-22 11:50:00,281.65,281.75,280.1,280.3,614151
2026-09-22 11:55:00,280.25,281.05,280.25,280.9,301928
2026-09-22 12:00:00,280.9,281.15,280.6,281.0,292448
2026-09-22 12:05:00,281.0,281.1,280.7,280.9,183468
2026-09-22 12:10:00,280.9,281.3,280.4,280.95,366925
2026-09-22 12:15:00,280.95,281.15,280.7,280.95,268083
2026-09-22 12:20:00,281.0,282.0,280.9,281.7,697735
2026-09-22 12:25:00,281.7,282.2,281.6,281.8,405391
2026-09-22 12:30:00,281.75,281.9,280.6,280.95,415903
2026-09-22 12:35:00,280.8,281.05,280.65,280.7,166411
2026-09-22 12:40:00,280.65,281.0,280.4,280.45,209785
2026-09-22 12:45:00,280.45,281.3,280.3,280.4,359759
2026-09-22 12:50:00,280.4,280.6,280.05,280.2,432463
2026-09-22 12:55:00,280.2,280.45,280.1,280.3,331069
2026-09-22 13:00:00,280.3,280.4,280.2,280.35,222959
2026-09-22 13:05:00,280.35,280.85,280.2,280.75,303965
2026-09-22 13:10:00,280.7,280.9,279.8,280.25,251077
2026-09-22 13:15:00,280.3,280.75,280.1,280.35,253956
2026-09-22 13:20:00,280.35,281.25,280.15,281.25,262504
2026-09-22 13:25:00,281.25,281.45,280.95,281.15,141759
2026-09-22 13:30:00,281.15,281.2,280.9,281.2,129096
2026-09-22 13:35:00,281.2,281.35,281.05,281.2,166835
2026-09-22 13:40:00,281.2,281.3,281.0,281.2,166808
2026-09-22 13:45:00,281.25,281.25,280.7,280.8,208176
2026-09-22 13:50:00,280.75,281.1,280.75,280.95,312043
2026-09-22 13:55:00,280.9,281.2,280.65,280.75,171016
2026-09-22 14:00:00,280.75,280.85,280.45,280.75,181916
2026-09-22 14:05:00,280.85,280.95,280.7,280.95,195689
2026-09-22 14:10:00,280.85,281.2,280.7,281.2,234188
2026-09-22 14:15:00,281.15,281.6,281.1,281.55,294844
2026-09-22 14:20:00,281.45,282.95,281.45,282.5,649387
2026-09-22 14:25:00,282.5,282.8,282.35,282.55,253142
2026-09-22 14:30:00,282.9,283.3,282.2,283.25,634765
2026-09-22 14:35:00,283.2,283.55,282.75,283.05,355607
2026-09-22 14:40:00,283.0,283.2,282.7,282.9,278798
2026-09-22 14:45:00,282.95,284.2,282.9,283.95,786104
2026-09-22 14:50:00,283.8,283.95,283.65,283.75,293551
2026-09-22 14:55:00,283.8,284.15,283.5,283.6,471790
2026-09-22 15:00:00,283.6,283.85,283.4,283.5,592543
2026-09-22 15:05:00,283.05,283.95,283.05,283.6,711591
2026-09-22 15:10:00,283.6,284.25,283.35,283.75,1114435
2026-09-23 09:15:00,285.1,289.65,285.1,286.65,1449903
2026-09-23 09:20:00,286.7,287.2,284.55,284.6,820033
2026-09-23 09:25:00,284.75,284.8,283.15,283.85,599846
2026-09-23 09:30:00,283.65,284.0,282.2,283.05,613107
2026-09-23 09:35:00,283.05,283.1,281.35,281.65,596591
2026-09-23 09:40:00,281.65,282.0,280.8,281.1,521880
2026-09-23 09:45:00,281.25,281.85,281.0,281.05,321398
2026-09-23 09:50:00,280.95,281.5,280.35,281.5,326888
2026-09-23 09:55:00,281.3,282.2,281.15,281.3,270517
2026-09-23 10:00:00,281.15,281.65,280.8,280.8,126863
2026-09-23 10:05:00,280.85,281.1,280.25,280.65,124494
2026-09-23 10:10:00,280.65,281.0,280.2,280.8,344374
2026-09-23 10:15:00,280.8,281.0,280.3,280.7,297746
2026-09-23 10:20:00,280.75,280.9,279.85,280.2,279859
2026-09-23 10:25:00,280.2,280.8,280.2,280.8,55083
2026-09-23 10:30:00,280.75,281.25,280.6,280.95,94014
2026-09-23 10:35:00,281.05,281.75,280.9,281.6,132815
2026-09-23 10:40:00,281.6,282.2,281.35,282.0,164707
2026-09-23 10:45:00,282.05,282.3,281.4,282.25,219126
2026-09-23 10:50:00,282.25,282.25,281.4,281.4,100930
2026-09-23 10:55:00,281.5,281.85,281.1,281.4,102918
2026-09-23 11:00:00,281.4,281.5,281.35,281.5,29338
2026-09-23 11:05:00,281.5,281.7,281.25,281.45,85535
2026-09-23 11:10:00,281.5,281.5,280.8,281.15,101724
2026-09-23 11:15:00,281.1,281.15,280.55,280.85,93907
2026-09-23 11:20:00,280.85,280.9,280.5,280.65,102607
2026-09-23 11:25:00,280.6,280.85,280.35,280.4,240064
2026-09-23 11:30:00,280.35,280.4,280.35,280.4,87642
2026-09-23 11:35:00,280.5,280.75,280.35,280.6,113073
2026-09-23 11:40:00,280.5,280.75,280.5,280.75,62828
2026-09-23 11:45:00,280.75,280.8,280.25,280.35,105183
2026-09-23 11:50:00,280.35,280.35,279.35,279.75,398841
2026-09-23 11:55:00,279.75,279.85,279.3,279.65,143635
2026-09-23 12:00:00,279.65,280.25,279.5,279.95,247254
2026-09-23 12:05:00,280.0,280.0,279.4,280.0,146581
2026-09-23 12:10:00,279.95,280.4,279.85,280.0,263625
2026-09-23 12:15:00,280.0,280.0,279.15,279.4,139064
2026-09-23 12:20:00,279.4,279.8,279.25,279.75,106474
2026-09-23 12:25:00,279.6,279.7,279.1,279.35,133884
2026-09-23 12:30:00,279.35,279.5,279.0,279.5,136162
2026-09-23 12:35:00,279.45,279.8,279.0,279.3,102971
2026-09-23 12:40:00,279.3,279.6,279.05,279.1,102877
2026-09-23 12:45:00,279.1,279.15,278.7,279.1,154567
2026-09-23 12:50:00,279.1,279.7,279.1,279.3,66547
2026-09-23 12:55:00,279.3,279.4,279.0,279.4,102814
2026-09-23 13:00:00,279.5,279.6,278.5,278.7,235222
2026-09-23 13:05:00,278.85,278.9,278.2,278.2,162328
2026-09-23 13:10:00,278.2,279.5,278.15,279.05,235126
2026-09-23 13:15:00,279.0,279.15,278.75,278.9,54251
2026-09-23 13:20:00,278.9,278.95,278.6,278.65,76334
2026-09-23 13:25:00,278.65,278.8,278.35,278.5,154163
2026-09-23 13:30:00,278.4,278.5,278.3,278.45,91190
2026-09-23 13:35:00,278.45,278.45,278.3,278.45,61229
2026-09-23 13:40:00,278.4,278.95,278.4,278.7,76547
2026-09-23 13:45:00,278.7,279.25,278.5,279.2,135037
2026-09-23 13:50:00,279.2,279.2,279.0,279.05,51985
2026-09-23 13:55:00,279.05,279.05,278.35,278.45,77958
2026-09-23 14:00:00,278.45,278.45,278.25,278.3,87910
2026-09-23 14:05:00,278.35,278.55,277.95,278.5,165286
2026-09-23 14:10:00,278.5,278.7,278.35,278.6,54123
2026-09-23 14:15:00,278.6,278.9,278.5,278.65,117174
2026-09-23 14:20:00,278.65,279.35,278.55,279.1,111159
2026-09-23 14:25:00,279.25,279.25,278.65,278.8,321277
2026-09-23 14:30:00,278.8,279.4,278.3,279.15,1362820
2026-09-23 14:35:00,279.15,279.25,278.65,278.75,124643
2026-09-23 14:40:00,278.8,279.0,278.55,278.55,84560
2026-09-23 14:45:00,278.55,278.75,278.3,278.7,213010
2026-09-23 14:50:00,278.7,278.7,278.45,278.55,295994
2026-09-23 14:55:00,278.55,278.6,278.1,278.4,280933
2026-09-23 15:00:00,278.3,278.4,277.75,277.95,362100
2026-09-23 15:05:00,277.85,279.6,277.25,277.95,1558536
2026-09-23 15:10:00,278.1,278.5,276.65,278.5,1241964
2026-09-24 09:15:00,274.9,276.6,274.25,275.65,418730
2026-09-24 09:20:00,275.35,275.85,274.15,274.9,311400
2026-09-24 09:25:00,274.7,274.7,273.45,273.65,290267
2026-09-24 09:30:00,273.7,274.65,273.7,274.45,156955
2026-09-24 09:35:00,274.5,274.7,273.9,274.1,180875
2026-09-24 09:40:00,274.05,274.15,273.4,273.45,165421
2026-09-24 09:45:00,273.45,273.95,273.45,273.9,85364
2026-09-24 09:50:00,274.0,274.55,273.9,274.1,123128
2026-09-24 09:55:00,274.15,274.35,273.85,274.1,109290
2026-09-24 10:00:00,274.05,276.25,273.75,275.25,737465
2026-09-24 10:05:00,275.25,275.4,274.25,274.5,1732935
2026-09-24 10:10:00,274.5,275.25,274.1,274.4,198647
2026-09-24 10:15:00,274.3,274.55,273.6,273.8,647138
2026-09-24 10:20:00,273.8,273.8,272.1,272.85,441665
2026-09-24 10:25:00,272.7,273.2,272.7,273.2,65823
2026-09-24 10:30:00,273.2,273.35,272.9,273.0,54953
2026-09-24 10:35:00,273.0,273.0,272.6,272.9,177714
2026-09-24 10:40:00,272.7,272.85,272.35,272.5,90576
2026-09-24 10:45:00,272.5,272.8,272.15,272.5,96630
2026-09-24 10:50:00,272.55,273.4,272.5,273.25,71103
2026-09-24 10:55:00,273.25,273.9,273.05,273.75,154657
2026-09-24 11:00:00,273.75,274.15,273.6,273.85,147314
2026-09-24 11:05:00,273.85,275.0,273.8,274.65,133834
2026-09-24 11:10:00,274.75,274.8,273.7,273.7,136284
2026-09-24 11:15:00,273.8,273.95,273.45,273.45,91641
2026-09-24 11:20:00,273.6,273.8,273.45,273.5,47691
2026-09-24 11:25:00,273.5,273.7,273.3,273.55,72083
2026-09-24 11:30:00,273.55,273.95,273.45,273.65,129224
2026-09-24 11:35:00,273.6,273.95,273.45,273.8,58949
2026-09-24 11:40:00,273.65,274.15,273.1,273.2,176542
2026-09-24 11:45:00,273.2,273.3,273.2,273.2,228511
2026-09-24 11:50:00,272.6,272.85,272.6,272.6,135624
2026-09-24 11:55:00,272.6,272.8,272.35,272.6,122418
2026-09-24 12:00:00,272.6,272.7,272.35,272.55,114513
2026-09-24 12:05:00,272.35,272.5,272.2,272.25,83915
2026-09-24 12:10:00,272.25,272.45,272.0,272.0,140085
2026-09-24 12:15:00,272.0,272.2,271.75,271.95,155097
2026-09-24 12:20:00,271.95,272.05,271.7,271.95,141510
2026-09-24 12:25:00,272.0,272.15,271.9,272.0,82408
2026-09-24 12:30:00,272.1,272.1,271.75,271.95,92493
2026-09-24 12:35:00,272.05,272.05,271.85,271.9,70706
2026-09-24 12:40:00,271.9,272.25,271.85,271.85,109343
2026-09-24 12:45:00,271.85,271.95,271.1,271.3,419753
2026-09-24 12:50:00,271.2,271.7,271.2,271.3,108954
2026-09-24 12:55:00,271.25,271.5,271.2,271.2,73353
2026-09-24 13:00:00,271.25,271.6,271.25,271.6,129215
2026-09-24 13:05:00,271.6,271.8,271.45,271.55,86758
2026-09-24 13:10:00,271.5,271.8,271.4,271.7,114770
2026-09-24 13:15:00,271.7,272.25,271.6,272.0,175418
2026-09-24 13:20:00,272.05,272.2,271.9,272.05,109173
2026-09-24 13:25:00,272.05,272.2,271.65,271.8,136190
2026-09-24 13:30:00,271.8,272.15,271.75,271.85,89914
2026-09-24 13:35:00,272.05,272.05,271.6,271.6,74138
2026-09-24 13:40:00,271.65,271.7,270.65,270.75,418085
2026-09-24 13:45:00,270.7,270.85,269.75,270.05,356033
2026-09-24 13:50:00,270.1,270.25,268.6,268.75,267683
2026-09-24 13:55:00,268.9,269.1,267.75,268.8,479890
2026-09-24 14:00:00,268.8,269.4,268.65,268.8,176774
2026-09-24 14:05:00,268.95,269.25,268.8,268.95,94345
2026-09-24 14:10:00,269.05,269.6,268.9,269.35,148126
2026-09-24 14:15:00,269.3,269.35,268.8,268.8,109007
2026-09-24 14:20:00,269.0,269.25,267.35,267.75,409325
2026-09-24 14:25:00,267.75,268.2,265.6,266.9,709854
2026-09-24 14:30:00,266.9,267.6,266.85,267.45,130413
2026-09-24 14:35:00,267.45,267.85,267.35,267.45,125150
2026-09-24 14:40:00,267.4,267.5,266.4,266.4,217822
2026-09-24 14:45:00,266.45,266.95,266.3,266.6,144280
2026-09-24 14:50:00,266.65,267.6,266.2,267.45,248531
2026-09-24 14:55:00,267.4,267.65,267.05,267.15,173870
2026-09-24 15:00:00,267.15,267.4,266.85,267.35,230157
2026-09-24 15:05:00,267.35,267.75,267.0,267.7,372098
2026-09-24 15:10:00,267.65,267.85,267.15,267.6,489410
2026-09-24 15:15:00,267.6,267.6,267.45,267.45,36067
2026-09-25 09:15:00,267.75,268.95,265.25,265.3,581976
2026-09-25 09:20:00,265.05,266.0,264.55,265.25,277823
2026-09-25 09:25:00,265.25,265.95,264.95,265.8,173161
2026-09-25 09:30:00,265.8,266.85,265.7,266.7,178291
2026-09-25 09:35:00,266.65,266.65,265.6,265.6,88079
2026-09-25 09:40:00,266.45,266.65,263.75,264.05,490250
2026-09-25 09:45:00,264.15,264.55,264.0,264.0,131789
2026-09-25 09:50:00,264.0,264.1,262.8,263.15,166409
2026-09-25 09:55:00,263.1,263.95,263.1,263.5,442080
2026-09-25 10:00:00,263.5,264.85,263.5,264.5,100603
2026-09-25 10:05:00,264.5,265.75,264.4,265.75,144155
2026-09-25 10:10:00,265.85,266.4,265.6,266.05,201377
2026-09-25 10:15:00,266.4,266.65,265.5,265.9,73463
2026-09-25 10:20:00,265.85,266.35,265.4,266.2,78925
2026-09-25 10:25:00,266.15,266.15,265.8,266.1,65459
2026-09-25 10:30:00,266.1,266.3,265.4,265.75,45313
2026-09-25 10:35:00,265.75,265.85,265.6,265.65,24867
2026-09-25 10:40:00,265.65,265.75,265.4,265.6,54896
2026-09-25 10:45:00,265.6,265.65,265.0,265.35,126447
2026-09-25 10:50:00,265.35,265.35,265.05,265.2,74600
2026-09-25 10:55:00,265.3,265.75,265.3,265.6,48114
2026-09-25 11:00:00,265.65,265.9,265.5,265.5,48267
2026-09-25 11:05:00,265.6,265.75,265.1,265.1,85251
2026-09-25 11:10:00,265.2,265.3,264.2,264.65,70059
2026-09-25 11:15:00,264.6,264.65,264.3,264.6,36497
2026-09-25 11:20:00,264.6,264.8,264.5,264.65,39531
2026-09-25 11:25:00,264.65,264.65,264.2,264.5,45995
2026-09-25 11:30:00,264.5,265.05,264.4,264.7,52372
2026-09-25 11:35:00,264.7,264.85,264.5,264.5,95452
2026-09-25 11:40:00,263.6,263.7,263.1,263.3,77027
2026-09-25 11:45:00,263.3,263.55,263.2,263.4,47313
2026-09-25 11:50:00,263.35,263.55,263.3,263.45,102034
2026-09-25 11:55:00,263.5,263.6,263.1,263.1,55323
2026-09-25 12:00:00,263.1,263.25,262.65,262.75,136763
2026-09-25 12:05:00,262.75,263.15,262.75,263.0,56936
2026-09-25 12:10:00,263.15,263.15,262.7,262.85,44119
2026-09-25 12:15:00,262.85,263.0,262.7,262.9,50596
2026-09-25 12:20:00,262.85,263.0,262.35,262.45,160335
2026-09-25 12:25:00,262.45,262.5,262.2,262.4,64349
2026-09-25 12:30:00,262.4,262.55,261.7,262.05,297060
2026-09-25 12:35:00,262.05,262.7,262.05,262.5,70663
2026-09-25 12:40:00,262.5,262.5,261.85,262.0,57188
2026-09-25 12:45:00,261.9,262.25,261.8,261.8,81881
2026-09-25 12:50:00,261.8,261.9,261.5,261.8,102528
2026-09-25 12:55:00,261.85,261.85,261.4,261.75,63887
2026-09-25 13:00:00,261.75,261.85,261.6,261.65,43964
2026-09-25 13:05:00,261.65,261.95,261.5,261.85,97915
2026-09-25 13:10:00,261.95,262.15,261.75,261.8,61265
2026-09-25 13:15:00,261.85,262.15,261.75,262.0,51986
2026-09-25 13:20:00,262.05,262.1,261.7,262.0,63528
2026-09-25 13:25:00,261.9,262.3,261.75,262.0,85448
2026-09-25 13:30:00,262.1,262.1,261.8,261.9,36513
2026-09-25 13:35:00,261.9,262.15,261.7,261.85,40047
2026-09-25 13:40:00,262.0,262.0,261.7,261.8,40263
2026-09-25 13:45:00,261.75,262.2,261.75,262.0,96116
2026-09-25 13:50:00,262.0,262.45,261.8,262.35,94121
2026-09-25 13:55:00,262.35,262.55,262.15,262.35,94276
2026-09-25 14:00:00,262.35,264.75,262.35,264.25,329249
2026-09-25 14:05:00,264.25,265.0,264.15,264.6,210706
2026-09-25 14:10:00,264.6,264.85,264.25,264.7,116737
2026-09-25 14:15:00,264.75,265.3,264.7,265.05,85066
2026-09-25 14:20:00,265.0,265.95,265.0,265.2,189332
2026-09-25 14:25:00,265.0,266.3,265.0,266.3,282981
2026-09-25 14:30:00,266.35,266.95,266.35,266.7,192979
2026-09-25 14:35:00,266.65,267.2,266.45,267.1,159101
2026-09-25 14:40:00,267.1,267.45,266.8,267.1,195828
2026-09-25 14:45:00,267.05,267.4,266.95,267.15,199499
2026-09-25 14:50:00,267.2,267.2,266.9,267.1,203504
2026-09-25 14:55:00,267.0,267.2,266.65,266.95,274977
2026-09-25 15:00:00,266.85,266.95,266.35,266.45,179517
2026-09-25 15:05:00,266.45,266.55,266.0,266.3,245979
2026-09-25 15:10:00,266.3,266.35,265.1,265.55,339355
2026-09-25 15:15:00,265.7,265.7,264.85,264.85,0
